titulo,fecha,horario,imagen,descripcion,detalle,url_evento
LOS VIAJEROS,6 OCT,20 hs,imagenes/los-viajeros.jpeg,Montfleuri-Sur-Mer Casa de Artistas | Libre y gratuito,Ciclo Películas Premiadas del Festival Internacional de Cine Africano de Argentina 2026 Montfleuri-Sur-Mer Casa de Artistas De La Foca 948,https://agenda.pinamar.gob.ar/los-viajeros/
FRANCAIS EN CHANSONS,7 OCT,10:30 hs,imagenes/francais-en-chansons.png,Montfleuri-Sur-Mer Casa de Artistas | Libre y gratuito,Actividad gratuita Coordina Daniel Deybe Montfleuri-Sur-Mer Casa de Artistas De la Foca 948 Pinamar,https://agenda.pinamar.gob.ar/francais-en-chansons/
CURSO TIMONEL DE YATE MOTOR,7 OCT,A confirmar,imagenes/curso-timonel-de-yate-motor.jpeg,Cooperativa de Pesca | Libre y gratuito,Clases semanales Cooperativa de Pescadores de Pinamar Av. del Mar y Eolo Inscripciones 2267 538262,https://agenda.pinamar.gob.ar/curso-timonel-de-yate-motor/
TARDECITAS ARTISTICAS,8 OCT,19 hs,imagenes/tardecitas-artisticas.jpeg,El Ojo y el Diamante | Pago,Música en vivo y arte participativo Todos los jueves 19 hs El Ojo y el Diamante Somellera 79 Valeria del Mar +54 911 76319051,https://agenda.pinamar.gob.ar/tardecitas-artisticas/
MIRACINE,8 OCT,20 hs,imagenes/miracine.jpeg,Teatro de la Torre | Libre y gratuito,"Y si kafka hiciera cine hoy? Un mundo donde nada es exactamente lo que parece. Donde las reglas cambian, la identidad se desarma y lo absurdo empieza a parecer completamente normal. En octubre, MIRACINE Pinamar y el Goethe-Institut Buenos Aires presentan “Si Kafka hiciera cine hoy…”, un ciclo de cinco películas alemanas contemporáneas que exploran, desde diferentes géneros y miradas, algunas de las obsesiones más kafkianas de nuestro presente: la alienación, el absurdo, la transformación, la paranoia y la pérdida de identidad. Cinco películas para entrar en un universo donde la realidad se vuelve extraña… y quizás demasiado familiar.",https://agenda.pinamar.gob.ar/miracine/
AQUÍ FRANCISCO,9 OCT,19 hs,imagenes/aqui-francisco.jpeg,Biblioteca Popular Manuel Belgrano | Libre y gratuito,"Presentación del libro Aquí Francisco. Una historia irrepetible Graciela Almada presenta un libro testimonial construido a partir de su experiencia periodística en el Vaticano durante los últimos años del pontificado de Francisco. La autora reúne recuerdos, encuentros, escenas y testimonios para acercarnos a la figura del primer papa argentino desde una mirada personal. El libro incluye fotografías tomadas por Almada y un prólogo del padre Pedro Opeka. Locutora, periodista diplomática, docente, actriz y compositora, Almada es además fundadora de Música para la Paz Argentina, proyecto que reúne músicos profesionales y desarrolla actividades culturales y musicales. Una invitación a compartir una historia reciente que todavía estamos elaborando en nuestra memoria. Viernes 9/10 19 hs De las Medusas 1230, Pinamar Libre y gratuita",https://agenda.pinamar.gob.ar/aqui-francisco/
PIANO BAR,9 OCT,21:30 hs,imagenes/piano-bar.jpeg,Refugio Pinamar | Libre y gratuito,Un clasico de Santi Gonella Post Show Fiesta. DJ Entrada libre y gratuita con reserva previa Reserva: 2254 624123 El Refugio. Medusas 1475. Pinamar,https://agenda.pinamar.gob.ar/piano-bar/
CONDENADAS,10 OCT,20 hs,imagenes/condenadas.jpeg,Biblioteca Popular de Ostende | Entrada a la gorra,Tres Mujeres Muchas injusticias Tantas voces Historias de Mujeres de antes y de ahora Bono contribución Biblioteca Popular de Ostende,https://agenda.pinamar.gob.ar/condenadas/
FIESTA MAGIA SUL MARE,10 OCT,21 hs,imagenes/fiesta-magia-sul-mare.jpeg,Sul Mare Hotel | Pago,"Dj Alejo Bustos Casa Para conectar con la música, tu cuerpo y las ganas de bailar toda la noche. Sul Mare Hotel Corbeta Halcón 38 y playa. Valeria del Mar Fiesta y cena gourmet",https://agenda.pinamar.gob.ar/fiesta-magia-sul-mare/
HUETER,10 OCT,21:30 hs,imagenes/hueter.jpeg,Refugio Pinamar | Libre y gratuito,FULL BAND + INVITADOS Reservas 2254 624123,https://agenda.pinamar.gob.ar/hueter/
COPA MUEBLES Y SILLONES .COM,11 OCT,7 hs,imagenes/copa-muebles-y-sillones-com.jpeg,Links Pinamar Golf | Pago,Vení a jugar la clásica copa de lanzamiento de temporada Modalidad 18 Hoyos Medal Play Inscripciones: 2267 537599 | 2254 491815,https://agenda.pinamar.gob.ar/copa-muebles-y-sillones-com/
LA SALLE,11 OCT,16 hs,imagenes/la-salle.jpeg,Capilla Santa Teresa de Jesús | Pago,"Barrio La Salle: historias que sorprenden Una experiencia inmersiva para descubrir el corazón del histórico barrio La Salle y la residencia que le dio identidad. Historia, naturaleza, mitos urbanos y leyendas se entrelazan con la fe y sus callecitas encantadoras. Dejá que este rincón de Pinamar te sorprenda. Domingo 11 de octubre · 16:00 h Capilla Santa Teresa de Jesús. Fragata La Victoria entre Del Jilguero y De la Calandria. $15.000 por persona. Se suspende por lluvia. Reservá tu lugar: 2254 44 0112.",https://agenda.pinamar.gob.ar/la-salle/
AYRES DE AMOR Y MUERTE,11 OCT,17 hs,imagenes/ayres-de-amor-y-muerte.jpeg,Casa Melfi | Pago,"Sobre la vida de Felicitas Guerrero Teatro leído, debate y café Casa Melfis Contacto 1161687235",https://agenda.pinamar.gob.ar/ayres-de-amor-y-muerte/
INTERPAUL,11 OCT,21:30 hs,imagenes/interpaul.jpeg,Refugio Pinamar | Libre y gratuito,Llega el mejor tributo a Paul Mccarney & The Beatles Entrada libre y gratuita con reserva previa Reserva: 2254 624123 El Refugio. Medusas 1475. Pinamar,https://agenda.pinamar.gob.ar/interpaul/
FRANCAIS EN CHANSONS,14 OCT,10:30 hs,imagenes/francais-en-chansons-2.png,Montfleuri-Sur-Mer Casa de Artistas | Libre y gratuito,Actividad gratuita Coordina Daniel Deybe Montfleuri-Sur-Mer Casa de Artistas De la Foca 948 Pinamar,https://agenda.pinamar.gob.ar/francais-en-chansons-2/
DE MAR Y CAMPO,14 OCT,19 hs,imagenes/de-mar-y-campo.jpeg,Biblioteca Popular Manuel Belgrano | Libre y gratuito,"Muestra de arte en la Biblio De Mar y Campo, es la muestra de Carolina Castillo, quien lleva adelante su casa de Artistas: Caro de Mar. Carolina comenzó en el arte desde joven vinculada al laboratorio de fotografía y diseño gráfico de su familia, incursionando luego en pintura, acuarela, acrílico, técnica mixta y el uso de materiales reutilizados. Una invitación a recorrer su mirada sobre los paisajes que nos rodean. Inauguración: miércoles 14/10 · 19 hs De las Medusas 1230, Pinamar Muestra: del 14 al 24 de octubre Entrada libre y gratuita.",https://agenda.pinamar.gob.ar/de-mar-y-campo/
GUERNICAS DE A PIE,15 OCT,19 hs,imagenes/guernicas-de-a-pie.jpeg,Biblioteca Popular Manuel Belgrano | Libre y gratuito,"Biblioteca Popular Manuel Belgrano 15 OCT 19 hs Libre y gratuito CHARLA | Guernicas del lado de acá Itinerancias y resignificaciones del cuadro de Picasso en Argentina Una charla que propone recorrer las distintas representaciones de Guernica, la obra de Pablo Picasso, en diferentes soportes, espacios y geografías de nuestro país, y las nuevas significaciones que fue adquiriendo a lo largo del tiempo. La actividad será también la presentación del último libro de la Dra. Raquel Macciuci, Doctora en Letras por la Universidad Complutense de Madrid y docente emérita de la Universidad Nacional de La Plata. Jueves 15/10 · 19 hs De las Medusas 1230, Pinamar Actividad gratuita",https://agenda.pinamar.gob.ar/guernicas-de-a-pie/
MIRACINE,15 OCT,20 hs,imagenes/miracine-4.jpeg,Teatro de la Torre | Libre y gratuito,"Y si kafka hiciera cine hoy? Un mundo donde nada es exactamente lo que parece. Donde las reglas cambian, la identidad se desarma y lo absurdo empieza a parecer completamente normal. En octubre, MIRACINE Pinamar y el Goethe-Institut Buenos Aires presentan “Si Kafka hiciera cine hoy…”, un ciclo de cinco películas alemanas contemporáneas que exploran, desde diferentes géneros y miradas, algunas de las obsesiones más kafkianas de nuestro presente: la alienación, el absurdo, la transformación, la paranoia y la pérdida de identidad. Cinco películas para entrar en un universo donde la realidad se vuelve extraña… y quizás demasiado familiar.",https://agenda.pinamar.gob.ar/miracine-4/
CINE CLUB,16 OCT,19 hs,imagenes/cine-club.jpeg,Biblioteca Popular Manuel Belgrano | Libre y gratuito,"En octubre, el Cine Club propone dos viernes para encontrarnos con el terror y el suspenso. Nosotros (2019) Viernes 3/10 · 19 hs Una familia se va de vacaciones buscando unos días de descanso, pero la llegada de unos misteriosos visitantes convierte la noche en una pesadilla. Una película de Jordan Peele sobre identidad, miedo y aquello que preferimos no mirar. Habitación 1408 (2007) Viernes 17/10 · 19 hs Un escritor especializado en fenómenos paranormales decide pasar la noche en una habitación de hotel sobre la que pesan numerosas historias. Lo que encuentra allí pondrá a prueba su propia percepción de la realidad. Biblioteca Popular Manuel Belgrano De las Medusas 1230 · Pinamar Entrada libre y gratuita",https://agenda.pinamar.gob.ar/cine-club/
LUCHO CIGANDA,16 OCT,21:30 hs,imagenes/lucho-ciganda.jpeg,Refugio Pinamar | Libre y gratuito,Reservas 2254 624123,https://agenda.pinamar.gob.ar/lucho-ciganda/
ESA ESPINA EN EL CENTRO DE LAS COSAS,17 OCT,19:30 hs,imagenes/esa-espina-en-el-centro-de-las-cosas.jpeg,Biblioteca Popular Manuel Belgrano | Libre y gratuito,"Tenemos la alegría de invitarlos a descubrir “Esa espina en el centro de las cosas”, la obra de cuentos breves de Eliana M. Shapasnikoff. Como adelanta Giovanna Rivero en su contratapa, estos relatos nos invitan a mirar la existencia a través de la extrañeza, la bruma del recuerdo, el mar y el bosque. Son personajes y momentos suspendidos donde «bastaría retirar una pieza para que la verdad o la culpa se desvanezcan». Eliana nació en San Rafael (Mendoza) pero hoy elige Pinamar como su hogar. Es la creadora de EliMSha Mar y Letras y una pieza fundamental de nuestra Biblioteca Popular Manuel Belgrano, donde desarrolla actividades vinculadas al arte y la literatura. Acompañan: Gabriela Galar y Matías Reck y Laura Bitto de la editorial Milena Caserola Sábado 17 de octubre a las 19:30 hs. De las Medusas 1230, Pinamar. Entrada libre y gratuita. ¡Sumate a apoyar a los escritores de nuestra comunidad!",https://agenda.pinamar.gob.ar/esa-espina-en-el-centro-de-las-cosas/
MIRACINE,22 OCT,20 hs,imagenes/miracine-2.jpeg,Teatro de la Torre | Libre y gratuito,"Y si kafka hiciera cine hoy? Un mundo donde nada es exactamente lo que parece. Donde las reglas cambian, la identidad se desarma y lo absurdo empieza a parecer completamente normal. En octubre, MIRACINE Pinamar y el Goethe-Institut Buenos Aires presentan “Si Kafka hiciera cine hoy…”, un ciclo de cinco películas alemanas contemporáneas que exploran, desde diferentes géneros y miradas, algunas de las obsesiones más kafkianas de nuestro presente: la alienación, el absurdo, la transformación, la paranoia y la pérdida de identidad. Cinco películas para entrar en un universo donde la realidad se vuelve extraña… y quizás demasiado familiar.",https://agenda.pinamar.gob.ar/miracine-2/
BUENAS OLAS IN CONCERT,23 OCT,20 hs,imagenes/buenas-olas-in-concert.jpeg,Biblioteca Popular Manuel Belgrano | Pago,"Una noche de música de cuerdas con Buenas Olas, un proyecto musical de Pinamar con una larga trayectoria en la escena local. Un recorrido por canciones y clásicos de distintos estilos, llevados a una formación de cuerdas con una mirada propia. Viernes 23/10 · 20 hs De las Medusas 1230, Pinamar Entrada general $10.000 Socios $8.000",https://agenda.pinamar.gob.ar/buenas-olas-in-concert/
ENCUENTRO CORAL,24 OCT,19 hs,imagenes/encuentro-coral.jpeg,El Ojo y el Diamante | Pago,Grupo Vocal Antruejo Dir: Ulises Zamudio Coro de Pinamar Dir: Celeste Durando El Ojo y el Diamante Somellera 79 Valeria del Mar,https://agenda.pinamar.gob.ar/encuentro-coral/
VELADAS POÉTICAS,24 OCT,19 hs,imagenes/veladas-poeticas.jpeg,Biblioteca Popular Manuel Belgrano | Libre y gratuito,"Nos volvemos a encontrar para compartir uno de los géneros más bellos de la literatura. Poesía en todas sus formas: versos, sonetos, prosa, canciones. Una velada de reencuentro para emocionarnos y dejar volar el corazón de la mano de la coordinadora del Club de Lectura, Eliana M. Shapasnikoff. Trae algo para picar en el break y brindamos por las musas y la poesía – Sábado 24/10 – 19 hs – Entrada libre y gratuita",https://agenda.pinamar.gob.ar/veladas-poeticas/
PINAMAR REVELADO,28 OCT,19 hs,imagenes/pinamar-revelado.jpeg,Biblioteca Popular Manuel Belgrano | Libre y gratuito,"¿Cómo es Pinamar para vos? A partir de esta pregunta, el Club de Fotografía Pinamar reúne distintas miradas sobre nuestra ciudad: personas, paisajes, rincones, costumbres y escenas de todos los días. Una muestra colectiva que busca construir, a través de la fotografía, un retrato de Pinamar hecho de muchas miradas. El Club nació este año y reúne a pinamarenses apasionados por la fotografía, con cámara o celular, compartiendo experiencias y formas de mirar. Inauguración: miércoles 28/10 · 19 hs Del 28/10 al 14/11 De las Medusas 1230, Pinamar Entrada libre y gratuita.",https://agenda.pinamar.gob.ar/pinamar-revelado/
MIRACINE,29 OCT,20 hs,imagenes/miracine-3.jpeg,Teatro de la Torre | Libre y gratuito,"Y si kafka hiciera cine hoy? Un mundo donde nada es exactamente lo que parece. Donde las reglas cambian, la identidad se desarma y lo absurdo empieza a parecer completamente normal. En octubre, MIRACINE Pinamar y el Goethe-Institut Buenos Aires presentan “Si Kafka hiciera cine hoy…”, un ciclo de cinco películas alemanas contemporáneas que exploran, desde diferentes géneros y miradas, algunas de las obsesiones más kafkianas de nuestro presente: la alienación, el absurdo, la transformación, la paranoia y la pérdida de identidad. Cinco películas para entrar en un universo donde la realidad se vuelve extraña… y quizás demasiado familiar.",https://agenda.pinamar.gob.ar/miracine-3/
EQUIPAMIENTO + SERVICIOS,31 OCT,14 hs,imagenes/equipamiento-servicios.jpeg,29 | 30 | Howard Johnson Hotel & Convention Center | Libre y gratuito,"Todo para la Hotelería y la gastronomía Howard Johnson Madariaga | Cariló ​Pinamar: Se palpita la 13° Edición de la Expo Equipamiento + Servicios ​El evento de referencia para la hotelería y la gastronomía de la región abre su preventa final para la gran cita del 29 al 31 de octubre en el Hotel Howard Johnson. ​Con los últimos espacios de su preventa a disposición, avanza la organización de la 13° Edición de la Expo Equipamiento + Servicios (E+S). Del 29 al 31 de octubre, de 16:00 a 21:00 horas, el Hotel Howard Johnson – Madariaga/Cariló volverá a convertirse en el epicentro comercial y de vidriera para todo el sector hotelero y gastronómico de la Costa Atlántica. ​La exposición se consolida una vez más como el punto de encuentro estratégico para que propietarios, gerentes y profesionales de la hotelería y la gastronomía descubran las últimas novedades, equipamientos y soluciones de cara a la temporada. ​Últimos stands disponibles Las empresas interesadas en exponer y posicionar sus productos ante un público altamente calificado aún pueden asegurar su ubicación. ​Información Clave: ​Fecha: Del 29 al 31 de octubre de 2026. ​Horario: De 16:00 a 21:00 hs. ​Sede: Hotel Howard Johnson – Madariaga / Cariló. ​Redes Oficiales / Consultas: Seguinos en Instagram en @Tureven-Pinamar para conocer los últimos lugares disponibles y detalles de la muestra.",https://agenda.pinamar.gob.ar/equipamiento-servicios/
ECLIPSE ANULAR DE SOL 2027,31 OCT,18 hs,imagenes/eclipse-anular-de-sol-2027.jpeg,Teatro de la Torre | Libre y gratuito,"Un eclipse es un fenómeno astronómico que se produce cuando un astro bloquea parcial o totalmente la luz del Sol, generando sombra y penumbra en otro astro. Eclipse anular de Sol Se verá en la costa bonaerense y norte y centro de la Patagonia. En el resto del país se verá como eclipse parcial de Sol El día 6 de febrero de 2027 desde las 10:30 hasta las 14:30 horas, la Luna en su fase de Luna Nueva, se ubicará exactamente en una línea entre la Tierra y el Sol. La Luna estará a la distancia más alejada de la Tierra, entonces no se la verá tapando totalmente al Sol. Charla informativa a cargo de Mariela A. Corti. Doctora en Astronomía, investigadora y docente de UNLP, integrante de la Asociación Argentina de Astronomía y de la Coordinación Nacional de Astronomía para la Enseñanza (NAEC Argentina)",https://agenda.pinamar.gob.ar/eclipse-anular-de-sol-2027/
ENCUENTRO DE MÚSICA Y VISUALES,31 OCT,19 hs,imagenes/encuentro-de-musica-y-visuales.jpeg,Biblioteca Popular Manuel Belgrano | Libre y gratuito,"Una propuesta que cruza música en vivo y artes visuales en una misma experiencia: fotografía, luz líquida, proyecciones, VJ, videoclips y otras formas de creación audiovisual. El encuentro fue gestado por Marcela Viciano, Lola Visuales, Julia Álvarez y Mayco Epic, artistas y productoras culturales que buscan generar un espacio de encuentro para artistas locales, regionales e internacionales y seguir ampliándolo con talleres, clases y seminarios. ESPECTRA: Canciones de autora & Luz líquida @marviciano @lolavisuales JULIA ALVAREZ: @queeseltiempo SONAMOS LUZ: @maycoepic + @lolavisuales Sábado 31/10 · 19 hs Biblioteca Popular Manuel Belgrano — De las Medusas 1230, Pinamar Entrada general $10.000 · Socios $8.000",https://agenda.pinamar.gob.ar/encuentro-de-musica-y-visuales/
TORNEO SEVEN,22 NOV,A confirmar,imagenes/torneo-seven.jpeg,21 | Cet Pinamar | Pago,Torneo | Fiesta Anual Contacto: 2254 625253 | ADM 1153328328,https://agenda.pinamar.gob.ar/torneo-seven/
COPA JAQUES SACHETTI | COPA MAMIS CAMARONES,21 NOV,A confirmar,imagenes/copa-jaques-sachetti-copa-mamis-camarones.jpeg,COPA JAQUES SACHETTI | COPA MAMIS CAMARONES | Camarones Rugby Hockey Club | Pago,Ragby +35 Ten Reducido Mamis Hockey Seven @camaronesrhc,https://agenda.pinamar.gob.ar/copa-jaques-sachetti-copa-mamis-camarones/
TORNEO SEVEN PINAMAR,21 NOV,A confirmar,imagenes/torneo-seven-pinamar.jpeg,21 | 22 NOV | TORNEO SEVEN | Cet Pinamar | Pago | COPA JAQUES SACHETTI | COPA MAMIS CAMARONES | Camarones Rugby Hockey Club | Pago | 20 al 22 NOV | Polideportivo Pinamar | Pago,Travelx Max,https://agenda.pinamar.gob.ar/torneo-seven-pinamar/
